ID,Name,Age,Nationality,Overall,Club,Value,Wage,Position,Crossing,Finishing,HeadingAccuracy,ShortPassing,Volleys,Dribbling,Curve,FKAccuracy,LongPassing,BallControl,Acceleration,SprintSpeed,Agility,Reactions,Balance,ShotPower,Jumping,Stamina,Strength,LongShots,Aggression,Interceptions,Positioning,Vision,Penalties,Composure,Marking,StandingTackle,SlidingTackle,GKDiving,GKHandling,GKKicking,GKPositioning,GKReflexes
158023,L. Messi,31,Argentina,94,FC Barcelona,110.5,565,RF,84,95,70,90,86,97,93,94,87,96,91,86,91,95,95,85,68,72,59,94,48,22,94,94,75,96,33,28,26,6,11,15,14,8
20801,Cristiano Ronaldo,33,Portugal,94,Juventus,77,405,ST,84,94,89,81,87,88,81,76,77,94,89,91,87,96,70,95,95,88,79,93,63,29,95,82,85,95,28,31,23,7,11,15,14,11
190871,Neymar Jr,26,Brazil,92,Paris Saint-Germain,118.5,290,LW,79,87,62,84,84,96,88,87,78,95,94,90,96,94,84,80,61,81,49,82,56,36,89,87,81,94,27,24,33,9,9,15,15,11
193080,De Gea,27,Spain,91,Manchester United,72,260,GK,17,13,21,50,13,18,21,19,51,42,57,58,60,90,43,31,67,43,64,12,38,30,12,68,40,68,15,21,13,90,85,87,88,94
192985,K. De Bruyne,27,Belgium,91,Manchester City,102,355,RCM,93,82,55,92,82,86,85,83,91,91,78,76,79,91,77,91,63,90,75,91,76,61,87,94,79,88,68,58,51,15,13,5,10,13
183277,E. Hazard,27,Belgium,91,Chelsea,93,340,LF,81,84,61,89,80,95,83,79,83,94,94,88,95,90,94,82,56,83,66,80,54,41,87,89,86,91,34,27,22,11,12,6,8,8
177003,L. Modrić,32,Croatia,91,Real Madrid,67,420,RCM,86,72,55,93,76,90,85,78,88,93,80,72,93,90,94,79,68,89,58,82,62,83,79,92,82,84,60,76,73,13,9,7,14,9
176580,L. Suárez,31,Uruguay,91,FC Barcelona,80,455,RS,77,93,77,82,88,87,86,84,64,90,86,75,82,92,83,86,69,90,83,85,87,41,92,84,85,85,62,45,38,27,25,31,33,37
155862,Sergio Ramos,32,Spain,91,Real Madrid,51,380,RCB,66,60,91,78,66,63,74,72,77,84,76,75,78,85,66,79,93,84,83,59,88,90,60,63,75,82,87,92,91,11,8,9,7,11
200389,J. Oblak,25,Slovenia,90,Atlético Madrid,68,94,GK,13,11,15,29,13,12,13,14,26,16,43,60,67,86,49,22,76,41,78,12,34,19,11,70,11,70,27,12,18,86,92,78,88,89
188545,R. Lewandowski,29,Poland,90,FC Bayern München,77,205,ST,62,91,85,83,89,85,77,86,65,89,77,78,78,90,78,88,84,78,84,84,80,39,91,77,88,86,34,42,19,15,6,12,8,10
182521,T. Kroos,28,Germany,90,Real Madrid,76.5,355,LCM,88,76,54,92,82,81,86,84,93,90,64,62,70,89,71,87,30,75,73,92,60,82,79,86,73,85,72,79,69,10,11,13,7,10
182493,D. Godín,32,Uruguay,90,Atlético Madrid,44,125,CB,55,42,92,79,47,53,49,51,70,76,68,68,58,85,54,67,91,66,88,43,89,88,48,52,50,82,90,89,89,6,8,15,5,15
168542,David Silva,32,Spain,90,Manchester City,60,285,LCM,84,76,54,93,82,89,82,77,87,94,70,64,92,90,90,72,64,78,52,75,57,50,89,92,75,93,59,53,29,6,15,7,6,12
215914,N. Kanté,27,France,89,Chelsea,63,225,LDM,68,65,54,86,56,79,49,49,81,80,82,78,82,93,92,71,77,96,76,69,90,92,71,79,54,85,90,91,85,15,12,10,7,10
211110,P. Dybala,24,Argentina,89,Juventus,89,205,LF,82,84,68,87,88,92,88,88,75,92,87,83,91,86,85,82,75,80,65,88,48,32,84,87,86,84,23,20,20,5,4,4,5,8
202126,H. Kane,24,England,89,Tottenham Hotspur,83.5,205,ST,75,94,85,80,84,80,78,68,82,84,68,72,71,91,71,88,78,89,84,85,76,35,93,80,90,89,56,36,38,8,10,11,14,11
194765,A. Griezmann,27,France,89,Atlético Madrid,78,145,CAM,82,90,84,83,87,88,84,78,76,90,88,85,90,90,80,80,90,83,62,82,69,35,91,83,79,87,59,47,48,14,8,14,13,14
192448,M. ter Stegen,26,Germany,89,FC Barcelona,58,240,GK,15,14,11,36,14,17,18,12,42,18,38,50,37,85,43,22,79,35,79,10,43,22,11,69,25,69,25,13,10,87,85,88,85,90
192119,T. Courtois,26,Belgium,89,Real Madrid,53.5,240,GK,14,14,13,33,12,13,19,20,35,23,46,52,61,84,45,36,68,38,70,17,23,15,13,44,27,66,20,18,16,85,91,72,86,88
189511,Sergio Busquets,29,Spain,89,FC Barcelona,51.5,315,CDM,62,67,68,89,44,80,66,68,82,88,50,52,66,87,52,61,66,86,77,54,85,87,77,87,60,90,90,86,80,5,8,13,9,13
179813,E. Cavani,31,Uruguay,89,Paris Saint-Germain,60,200,LS,70,89,89,78,90,80,77,76,52,82,75,76,77,91,59,87,88,92,78,79,84,48,93,77,85,82,52,45,39,12,5,13,13,10
167495,M. Neuer,32,Germany,89,FC Bayern München,38,130,GK,15,13,25,55,11,30,14,11,59,48,54,60,51,84,35,25,77,43,80,16,29,30,12,70,47,70,17,10,11,90,86,91,87,87
153079,S. Agüero,30,Argentina,89,Manchester City,64.5,300,ST,70,93,77,81,85,89,82,73,64,89,88,80,86,90,91,88,81,76,73,83,65,24,92,83,83,90,30,20,12,13,15,6,11,14
138956,G. Chiellini,33,Italy,89,Juventus,27,215,LCB,58,33,83,59,45,58,60,31,59,57,63,75,54,82,55,78,89,65,89,49,92,88,28,50,50,84,93,93,90,3,3,2,4,3
231747,K. Mbappé,19,France,88,Paris Saint-Germain,81,100,RM,77,88,77,82,78,90,77,63,73,91,96,96,92,87,83,79,75,83,71,78,62,38,88,82,70,86,34,34,32,13,5,7,11,6
209331,M. Salah,26,Egypt,88,Liverpool,69.5,255,RM,78,90,59,82,73,89,83,60,72,88,94,91,91,91,88,77,68,84,70,83,63,55,90,82,61,91,38,43,41,14,14,9,11,14
200145,Casemiro,26,Brazil,88,Real Madrid,59.5,285,CDM,52,59,76,85,53,69,59,74,82,78,59,65,62,84,66,86,88,87,89,79,87,87,69,77,66,84,88,90,87,13,14,16,12,12
198710,J. Rodríguez,26,Colombia,88,FC Bayern München,69.5,315,LAM,90,83,62,89,90,85,89,86,83,90,73,67,83,85,76,86,54,70,68,92,64,55,80,89,81,87,52,41,44,15,15,15,5,14
198219,L. Insigne,27,Italy,88,Napoli,62,165,LW,86,77,56,85,74,90,87,77,78,93,94,86,94,83,93,75,53,75,44,84,34,26,83,87,61,83,51,24,22,8,4,14,9,10
197781,Isco,26,Spain,88,Real Madrid,73.5,315,LW,75,79,55,89,65,94,88,76,83,95,75,69,87,77,90,69,64,70,59,87,58,64,78,89,76,86,60,64,51,10,8,12,15,6
190460,C. Eriksen,26,Denmark,88,Tottenham Hotspur,73.5,205,CAM,88,80,52,91,77,84,86,87,88,91,75,73,79,88,81,84,50,92,58,89,46,56,83,91,67,88,59,57,22,9,14,7,7,6
189242,Coutinho,26,Brazil,88,FC Barcelona,69.5,340,LW,79,79,48,88,75,91,91,86,83,92,89,75,92,83,93,83,59,79,61,93,59,49,84,90,70,85,55,54,47,12,7,9,14,6
188567,P. Aubameyang,29,Gabon,88,Arsenal,59,265,LM,77,88,79,77,86,79,80,74,64,82,93,95,76,87,70,82,79,76,76,79,43,48,90,77,76,86,27,25,36,6,9,15,9,9
178603,M. Hummels,29,Germany,88,FC Bayern München,46,160,LCB,64,55,87,81,60,68,65,53,85,81,53,64,63,87,60,71,68,66,84,51,69,92,56,79,68,91,88,90,88,15,6,10,5,6
176676,Marcelo,30,Brazil,88,Real Madrid,43,285,LB,90,70,75,84,54,90,85,67,76,92,83,82,86,88,86,83,76,91,78,70,84,85,85,82,59,86,71,85,86,12,5,5,5,9
173731,G. Bale,28,Wales,88,Real Madrid,60,355,ST,87,86,84,85,85,87,90,87,80,85,94,95,82,85,65,92,87,75,80,91,65,59,85,79,76,86,54,55,52,15,15,11,5,6
167948,H. Lloris,31,France,88,Tottenham Hotspur,36,150,GK,13,10,10,50,11,10,11,10,50,34,65,62,55,85,54,23,74,41,43,14,31,27,10,30,40,65,29,10,18,88,84,68,83,92
167664,G. Higuaín,30,Argentina,88,Milan,57,245,LS,68,92,80,75,90,84,74,62,59,85,73,73,75,86,69,86,79,70,85,80,50,20,92,74,70,86,35,22,18,5,12,7,5,10
164240,Thiago Silva,33,Brazil,88,Paris Saint-Germain,24,165,RCB,60,38,81,80,63,62,61,64,80,80,70,72,68,82,68,71,90,74,82,68,76,89,59,72,60,81,88,89,85,9,12,5,9,10
162835,S. Handanovič,33,Slovenia,88,Inter,30,110,GK,12,10,10,36,12,12,12,14,34,16,51,55,47,83,36,22,78,41,71,19,25,22,12,41,23,69,25,10,13,87,86,69,89,89
1179,G. Buffon,40,Italy,88,Paris Saint-Germain,4,77,GK,13,15,13,37,17,26,20,13,35,28,49,43,55,79,49,39,75,39,69,13,38,28,12,50,22,70,13,11,11,88,87,74,90,83
205600,S. Umtiti,24,France,87,FC Barcelona,57,205,CB,69,51,79,81,70,69,72,62,73,77,71,73,68,82,66,83,89,78,84,74,81,87,58,58,61,82,90,89,86,15,10,14,12,15
201399,M. Icardi,25,Argentina,87,Inter,64.5,130,ST,46,91,91,73,85,77,58,45,54,81,77,78,76,88,76,84,94,72,76,70,56,22,92,64,82,85,45,24,20,13,9,5,7,9
201024,K. Koulibaly,27,Senegal,87,Napoli,51,115,LCB,30,19,81,66,14,66,28,28,56,60,68,75,50,80,40,55,81,71,94,15,87,88,24,43,33,78,91,88,86,7,11,7,13,5
195864,P. Pogba,25,France,87,Manchester United,64,210,RDM,80,73,73,86,85,87,84,82,90,90,71,79,74,81,64,90,83,88,89,81,78,66,81,87,81,87,66,70,68,5,6,2,4,3
193041,K. Navas,31,Costa Rica,87,Real Madrid,30.5,195,GK,11,15,11,30,11,16,11,15,37,19,54,53,60,84,61,21,74,39,75,13,32,20,16,68,25,67,28,14,14,90,81,75,82,90
192505,R. Lukaku,25,Belgium,87,Manchester United,62.5,230,ST,78,87,86,77,79,80,74,66,73,72,77,90,60,86,46,88,71,84,94,74,75,27,89,76,78,83,30,30,30,8,15,14,7,10
192387,C. Immobile,28,Italy,87,Lazio,52,115,ST,55,90,81,74,87,83,70,51,49,83,78,85,77,87,63,86,77,80,76,80,77,40,91,65,78,81,34,33,32,6,8,15,12,6
189332,Jordi Alba,29,Spain,87,FC Barcelona,38,250,LB,87,73,70,84,60,80,80,63,74,84,93,93,90,83,85,64,81,91,61,66,75,84,79,70,59,79,72,84,85,13,15,13,6,13
175943,D. Mertens,31,Belgium,87,Napoli,45,135,RF,77,86,35,82,70,91,82,79,74,89,93,85,94,88,92,80,60,75,42,81,59,36,87,83,79,81,25,40,40,7,10,8,10,4
172871,J. Vertonghen,31,Belgium,87,Tottenham Hotspur,34,155,LCB,68,56,80,79,52,71,58,73,74,76,61,65,61,84,60,80,85,75,79,66,84,89,60,68,66,83,90,87,88,6,10,9,12,7
171877,M. Hamšík,30,Slovakia,87,Napoli,46.5,125,LCM,78,79,74,88,79,86,80,72,83,87,69,68,76,88,66,82,71,84,67,83,56,72,88,86,70,84,75,73,62,8,6,4,14,14
168651,I. Rakitić,30,Croatia,87,FC Barcelona,46.5,260,RCM,84,83,58,87,80,84,88,84,90,87,66,59,72,77,66,84,39,84,66,90,67,75,79,86,82,81,72,74,70,14,11,12,5,9
152729,Piqué,31,Spain,87,FC Barcelona,34,240,RCB,57,64,83,81,57,59,58,43,80,78,49,60,58,84,36,62,74,65,83,51,72,88,58,62,69,86,91,86,84,10,11,14,15,8
222492,L. Sané,22,Germany,86,Manchester City,61,195,LW,83,81,72,79,85,88,82,68,64,85,93,96,88,81,81,86,64,79,70,78,61,34,84,82,71,78,36,32,35,8,12,9,9,14
218667,Bernardo Silva,23,Portugal,86,Manchester City,59.5,180,RW,85,75,51,85,69,92,83,67,79,91,84,74,90,82,88,70,50,78,48,72,58,49,83,86,68,85,49,44,35,9,10,14,12,9
210257,Ederson,24,Brazil,86,Manchester City,41.5,125,GK,20,14,14,56,18,23,15,20,58,37,64,63,60,86,48,42,58,41,68,18,35,25,20,67,17,70,28,15,8,85,80,91,82,87
208722,S. Mané,26,Senegal,86,Liverpool,52,195,LM,73,84,62,79,71,87,74,64,71,86,95,93,91,86,86,82,75,84,67,74,73,35,87,82,71,80,42,42,38,10,10,15,7,14
203376,V. van Dijk,26,Netherlands,86,Liverpool,44.5,165,LCB,53,52,82,76,45,70,60,70,78,73,74,77,61,85,49,81,85,71,92,64,81,86,41,59,62,83,88,89,84,13,10,13,11,11
202652,R. Sterling,23,England,86,Manchester City,56.5,195,RW,77,77,38,84,67,88,70,63,69,87,95,92,93,87,93,73,57,78,52,73,38,30,87,77,69,77,47,58,54,15,12,12,15,9
201942,Roberto Firmino,26,Brazil,86,Liverpool,53,195,CAM,72,87,77,86,81,87,80,65,75,88,78,77,80,86,81,81,81,90,74,76,73,58,87,85,72,87,60,64,42,8,11,9,6,10
201535,R. Varane,25,France,86,Real Madrid,50,210,RCB,36,40,83,75,42,57,46,54,76,77,83,85,63,83,40,52,79,73,84,53,77,82,44,56,43,82,87,88,87,11,11,9,5,14
199556,M. Verratti,25,Italy,86,Paris Saint-Germain,55,135,LCM,72,60,55,90,64,90,73,64,89,88,69,62,87,85,94,56,64,77,52,58,89,84,71,87,64,93,78,83,80,12,12,15,15,10
191043,Alex Sandro,27,Brazil,86,Juventus,36.5,160,LB,84,55,76,81,68,80,78,59,71,81,83,86,79,84,78,80,79,92,79,72,82,82,70,70,60,82,81,84,84,7,7,9,12,5
190483,Douglas Costa,27,Brazil,86,Juventus,46.5,175,LM,84,67,50,84,76,92,84,78,68,91,97,93,93,84,91,86,61,78,63,80,55,48,76,84,77,84,45,38,34,13,15,9,12,5
189596,T. Müller,28,Germany,86,FC Bayern München,45,135,CAM,79,87,82,83,84,75,81,59,72,82,73,75,75,91,72,78,81,87,68,80,57,58,92,85,60,83,44,41,44,6,7,11,14,14
189509,Thiago,27,Spain,86,FC Bayern München,45.5,130,CM,72,69,54,90,90,90,85,77,87,90,78,69,90,84,86,75,75,75,59,79,57,78,79,86,75,85,67,63,65,6,11,7,9,13
188350,M. Reus,29,Germany,86,Borussia Dortmund,43.5,100,LM,79,87,49,86,90,87,89,84,75,86,86,85,86,87,81,88,70,73,67,86,49,50,88,86,89,84,47,36,45,12,12,13,13,11
184432,Azpilicueta,28,Spain,86,Chelsea,35,175,RB,81,46,76,81,51,69,68,58,80,77,76,76,72,88,73,68,76,87,71,60,82,89,62,74,66,78,88,90,86,13,9,10,6,5
184344,L. Bonucci,31,Italy,86,Juventus,30,160,RCB,44,48,86,77,58,69,56,61,85,75,57,65,60,84,52,74,85,71,83,65,82,90,38,74,70,86,90,86,80,2,2,3,2,4
184087,T. Alderweireld,29,Belgium,86,Tottenham Hotspur,39,150,RCB,64,45,82,79,38,62,63,69,85,74,61,66,60,86,50,78,84,74,79,65,80,87,58,67,58,81,90,91,86,16,6,14,16,14
180206,M. Pjanić,28,Bosnia Herzegovina,86,Juventus,44,180,CDM,80,60,60,89,72,86,86,92,85,89,66,66,77,84,79,78,61,78,66,82,70,78,70,88,79,86,75,74,70,7,7,13,7,8
177509,M. Benatia,31,Morocco,86,Juventus,30,160,CB,45,47,83,65,44,64,34,27,65,64,65,75,59,82,53,66,85,69,91,24,86,86,38,47,41,82,89,87,85,7,4,8,7,11
176635,M. Özil,29,Germany,86,Arsenal,43.5,190,CAM,83,73,54,89,80,84,84,77,82,90,72,69,79,84,70,70,48,69,57,75,48,24,83,91,67,82,24,16,19,6,14,10,6,14
135507,Fernandinho,33,Brazil,86,Manchester City,18,185,CDM,68,69,63,85,74,77,70,72,81,82,68,67,72,86,78,83,76,79,76,78,87,88,70,75,61,79,85,85,80,12,11,5,13,7
41,Iniesta,34,Spain,86,Vissel Kobe,21.5,21,LF,77,70,54,90,74,90,80,70,85,92,70,67,79,86,84,65,47,55,58,71,58,66,81,93,71,89,67,57,56,6,13,6,13,7
232363,M. Škriniar,23,Slovakia,85,Inter,46.5,82,LCB,40,42,80,70,40,59,34,30,68,67,70,73,48,81,48,50,78,77,83,30,86,86,30,57,56,80,92,88,82,10,13,12,8,12
223848,S. Milinković-Savić,23,Serbia,85,Lazio,50.5,73,CM,64,80,86,85,74,86,78,75,85,87,68,70,66,80,59,83,85,85,88,80,73,78,79,85,56,82,75,77,72,7,10,7,16,7
220834,Marco Asensio,22,Spain,85,Real Madrid,54,215,RW,82,82,50,83,79,86,83,76,82,85,85,82,79,82,76,86,58,76,61,88,45,45,82,84,62,83,40,42,39,13,9,6,12,10
216594,N. Fekir,24,France,85,Olympique Lyonnais,50,92,CAM,83,82,49,83,77,90,81,79,75,89,79,79,90,80,91,84,69,80,82,82,73,28,81,81,81,89,31,37,25,15,9,8,14,15
212831,Alisson,25,Brazil,85,Liverpool,36.5,115,GK,17,13,19,45,20,27,19,18,44,30,54,45,40,84,37,21,52,32,78,14,27,11,13,66,23,65,15,19,16,83,81,85,84,88
212622,J. Kimmich,23,Germany,85,FC Bayern München,40.5,92,RCM,90,66,74,85,61,80,81,61,80,85,78,68,84,85,83,75,79,85,65,69,74,79,80,79,44,82,75,81,79,8,15,7,15,15
208421,Saúl,23,Spain,85,Atlético Madrid,50.5,77,RCM,69,78,83,85,76,83,72,60,83,85,74,73,76,82,69,78,79,86,77,79,69,78,82,82,55,83,77,79,76,7,13,12,10,9
204485,R. Mahrez,27,Algeria,85,Manchester City,40.5,205,RW,81,80,48,82,72,91,84,78,76,90,88,83,93,77,88,79,61,76,54,81,48,39,80,81,73,86,45,31,18,15,9,13,11,6
197445,D. Alaba,26,Austria,85,FC Bayern München,38,110,LB,81,63,75,82,68,79,78,84,80,83,79,86,79,84,77,83,82,87,71,82,69,84,76,77,80,79,80,82,80,5,7,14,15,9
193747,Koke,26,Spain,85,Atlético Madrid,45,88,LM,86,72,61,90,56,82,85,76,89,86,71,68,74,85,78,84,61,90,79,81,71,66,84,87,59,78,80,69,51,14,12,5,10,13
193301,A. Lacazette,27,France,85,Arsenal,45,180,ST,64,88,73,80,81,85,74,71,59,83,81,84,85,85,85,83,76,79,73,75,70,42,86,76,84,85,29,42,30,11,6,9,5,6
192774,K. Manolas,27,Greece,85,Roma,37.5,96,LCB,27,10,80,60,16,54,30,10,61,65,80,85,68,85,59,40,86,76,82,12,86,86,25,22,26,79,86,87,89,8,6,8,15,12
192366,N. Otamendi,30,Argentina,85,Manchester City,28.5,170,CB,52,54,85,75,57,51,50,39,72,70,57,61,64,79,62,69,92,67,80,56,91,84,51,53,45,80,83,85,84,12,5,8,11,12
189513,Parejo,29,Spain,85,Valencia CF,37,66,RCM,84,79,61,90,72,78,89,90,87,84,51,43,66,78,72,78,51,78,72,82,58,81,81,86,83,78,69,68,60,5,9,12,14,8
187961,Paulinho,29,Brazil,85,Guangzhou Evergrande Taobao FC,37,235,LDM,64,81,85,84,75,82,66,72,80,84,73,73,69,84,66,83,90,92,81,80,81,81,84,78,71,80,75,81,73,16,16,11,6,8
186153,W. Szczęsny,28,Poland,85,Juventus,32,125,GK,12,12,16,32,14,11,16,14,36,22,51,47,55,82,51,15,71,45,65,14,40,15,14,48,18,65,20,13,12,85,81,71,85,87
184941,A. Sánchez,29,Chile,85,Manchester United,37.5,215,RW,77,80,73,77,83,87,79,78,75,86,86,79,90,83,87,84,87,83,72,81,79,46,84,82,77,84,38,44,35,10,10,15,12,13
184267,Y. Brahimi,28,Algeria,85,FC Porto,39,28,LM,79,76,46,79,73,93,84,78,72,86,87,75,92,84,87,69,72,85,49,76,46,38,83,79,75,90,51,36,25,13,16,12,7,7
183907,J. Boateng,29,Germany,85,FC Bayern München,30,115,RCB,69,34,85,75,52,64,53,31,83,70,67,72,56,82,52,78,74,69,91,58,81,81,47,75,46,84,84,87,87,7,12,15,6,5
181872,A. Vidal,31,Chile,85,FC Barcelona,26,205,CAM,76,75,82,83,78,76,76,68,79,82,60,55,74,84,75,86,85,83,79,85,93,84,80,80,81,81,82,87,86,4,2,4,2,4
181458,I. Perišić,29,Croatia,85,Inter,37.5,110,LM,83,79,80,81,81,84,73,75,77,85,84,88,78,81,74,84,84,89,78,79,65,69,85,79,76,80,64,52,54,6,7,10,9,6
180930,E. Džeko,32,Bosnia Herzegovina,85,Roma,30.5,115,ST,63,89,84,77,77,76,65,54,72,84,65,66,57,83,36,86,66,76,80,79,51,50,89,74,67,83,58,28,16,9,11,13,15,15
179846,S. Khedira,31,Germany,85,Juventus,33,160,RCM,72,72,76,85,78,81,68,68,82,84,54,60,55,87,54,82,68,78,87,78,82,86,79,82,69,84,80,83,76,11,9,5,15,8
179844,Diego Costa,29,Spain,85,Atlético Madrid,38.5,100,LS,65,87,82,65,81,77,62,59,52,83,74,76,58,85,53,83,64,76,92,74,93,40,87,74,75,83,58,39,34,11,13,12,8,11
178518,R. Nainggolan,30,Belgium,85,Inter,35.5,105,CAM,73,75,59,84,75,80,73,68,81,85,78,73,76,87,82,84,76,93,77,86,88,86,86,76,63,84,83,86,90,11,11,14,8,11
171919,Naldo,35,Brazil,85,FC Schalke 04,9,38,CB,45,57,94,76,60,60,52,76,70,68,60,65,46,85,36,92,45,61,83,82,72,83,53,59,60,84,86,88,85,14,10,14,8,14
170890,B. Matuidi,31,France,85,Juventus,26,145,LM,75,64,68,83,72,78,65,52,77,79,79,77,83,84,79,78,84,94,76,70,86,86,72,76,56,82,85,84,86,8,11,5,10,14
168609,Miranda,33,Brazil,85,Inter,15.5,96,CB,48,43,80,70,51,67,32,39,69,73,66,69,61,81,57,70,82,65,79,41,83,85,43,58,49,81,90,90,85,12,6,10,13,12
165153,K. Benzema,30,France,85,Real Madrid,37,240,ST,75,81,80,83,82,83,79,73,62,86,76,76,76,83,66,81,73,75,80,75,65,22,86,85,82,79,47,15,12,13,11,5,5,7
164169,Filipe Luís,32,Brazil,85,Atlético Madrid,21.5,81,LB,86,59,72,80,56,77,74,75,77,83,76,75,75,85,62,71,71,89,74,60,81,84,71,70,65,88,78,84,86,11,15,9,9,5
139720,V. Kompany,32,Belgium,85,Manchester City,22,170,CB,61,45,84,73,46,63,61,52,66,70,52,59,57,87,41,75,72,66,87,55,87,82,41,59,63,81,87,85,84,10,9,5,8,6
120533,Pepe,35,Portugal,85,Beşiktaş JK,9,57,RCB,46,46,80,70,23,58,44,47,61,62,65,70,63,83,49,63,76,60,86,56,94,85,40,48,57,79,86,85,82,8,15,5,9,10
41236,Z. Ibrahimović,36,Sweden,85,LA Galaxy,14,15,RS,73,86,83,79,86,79,82,82,73,84,58,59,75,82,39,90,68,61,86,82,84,20,85,79,89,90,28,37,24,13,15,10,9,12
220793,D. Sánchez,22,Colombia,84,Tottenham Hotspur,34,105,RCB,36,40,80,77,28,63,30,27,67,73,72,79,60,80,55,66,73,76,83,44,87,82,34,49,44,75,84,85,88,9,7,10,6,15
216460,J. Giménez,23,Uruguay,84,Atlético Madrid,34,63,RCB,47,37,81,68,30,47,36,44,58,56,69,70,56,76,43,72,92,67,85,48,89,85,24,27,38,73,88,86,87,9,11,7,10,15
212462,Alex Telles,25,Brazil,84,FC Porto,32,22,LB,89,65,74,83,67,82,87,79,86,82,84,85,73,83,70,80,81,92,68,75,78,80,76,74,68,80,80,81,79,13,8,12,11,14
212218,A. Laporte,24,France,84,Manchester City,34,135,LCB,58,45,85,76,40,59,61,69,78,73,62,66,45,83,55,68,75,67,82,47,75,85,54,57,44,77,85,86,87,10,11,5,14,5
212198,Bruno Fernandes,23,Portugal,84,Sporting CP,40.5,22,LCM,84,73,58,85,84,83,85,81,82,85,79,76,77,84,78,87,72,89,67,88,65,70,79,86,81,83,63,66,53,12,14,15,8,14
212190,N. Süle,22,Germany,84,FC Bayern München,36.5,84,CB,30,20,86,78,31,42,28,30,63,63,52,84,33,79,33,77,38,65,94,62,82,82,26,30,32,72,82,85,83,15,7,14,7,15
211300,A. Martial,22,France,84,Manchester United,42.5,165,LW,76,84,69,77,74,87,84,54,60,86,88,89,85,81,81,84,74,75,75,80,58,42,83,73,81,79,38,39,36,9,8,8,15,11
211117,D. Alli,22,England,84,Tottenham Hotspur,42.5,115,LCM,69,83,77,85,79,83,75,68,80,85,73,76,76,85,62,78,67,90,71,80,84,74,86,85,74,86,70,70,63,7,6,9,11,8
209499,Fabinho,24,Brazil,84,Liverpool,34,120,CDM,79,66,75,83,47,76,71,53,78,82,69,72,69,83,67,78,75,92,79,65,85,84,70,75,91,84,83,86,84,13,12,6,8,8
207865,Marquinhos,24,Brazil,84,Paris Saint-Germain,35.5,90,LDM,72,33,80,81,31,59,49,32,78,76,73,76,69,81,68,53,86,75,74,35,80,84,46,51,31,79,85,87,87,6,6,12,10,13
207566,William Carvalho,26,Portugal,84,Real Betis,31.5,38,CDM,68,52,73,84,50,80,79,50,86,79,49,53,51,75,51,59,69,84,90,55,75,84,64,83,60,89,84,85,68,6,6,5,14,14
205498,Jorginho,26,Italy,84,Chelsea,38,155,CM,75,57,56,89,71,82,75,76,87,85,75,69,80,83,73,71,58,79,66,62,79,78,72,87,84,79,63,78,70,14,7,13,14,8
204970,F. Thauvin,25,France,84,Olympique de Marseille,39,72,RM,83,81,75,83,74,85,86,72,76,86,87,80,86,83,71,83,76,83,66,82,56,42,83,80,74,82,46,29,31,8,11,14,10,9
204963,Carvajal,26,Spain,84,Real Madrid,31.5,185,RB,83,41,70,81,34,76,72,47,71,83,79,84,81,82,79,64,76,84,74,36,81,83,61,57,45,77,83,83,85,13,13,15,9,15
202556,M. Depay,24,Netherlands,84,Olympique Lyonnais,42,93,ST,79,79,65,80,74,85,85,88,74,85,87,87,82,79,79,87,74,79,80,81,76,28,83,82,75,79,29,31,20,8,14,6,12,10
200104,H. Son,25,Korea Republic,84,Tottenham Hotspur,37,125,LM,78,85,65,79,79,88,81,70,64,85,88,87,82,84,76,86,63,85,63,88,60,39,85,80,71,82,48,34,33,11,13,13,6,10
199482,A. Lopes,27,Portugal,84,Olympique Lyonnais,25,72,GK,19,18,16,32,13,15,15,14,31,21,63,64,67,84,62,20,82,36,73,18,43,25,9,48,16,65,13,15,13,86,80,75,81,88
198176,S. de Vrij,26,Netherlands,84,Inter,31.5,88,CB,49,25,80,71,27,63,45,16,71,71,67,69,61,80,59,65,76,66,80,60,78,87,32,59,41,82,88,87,83,8,10,7,14,13
198009,M. Perin,25,Italy,84,Juventus,29.5,105,GK,11,11,12,33,19,19,15,13,31,23,57,56,70,79,30,23,75,30,52,17,25,19,12,44,21,65,20,12,19,81,85,71,79,90
193082,J. Cuadrado,30,Colombia,84,Juventus,29.5,150,RAM,80,67,58,80,70,90,78,69,69,85,89,93,91,80,82,84,75,78,61,80,78,62,78,76,65,80,63,70,74,5,5,13,6,9
192629,Iago Aspas,30,Spain,84,RC Celta,30,45,ST,80,88,78,79,83,86,80,76,64,85,85,78,87,85,74,79,68,75,60,82,63,39,86,75,82,85,39,21,18,12,16,9,12,13
192563,B. Leno,26,Germany,84,Arsenal,27,115,GK,9,9,13,45,10,16,9,8,40,22,46,52,52,80,44,23,73,43,68,14,28,22,7,54,23,66,27,15,18,84,82,75,85,82
191202,N. Matić,29,Serbia,84,Manchester United,24,165,CDM,71,64,74,84,73,80,72,67,83,79,52,59,44,83,50,83,67,84,85,75,80,86,69,73,64,84,83,84,75,7,15,12,14,9
190941,L. Hrádecký,28,Finland,84,Bayer 04 Leverkusen,22,74,GK,11,11,11,15,9,10,11,15,20,20,38,44,43,83,39,14,69,34,55,14,31,18,9,53,20,48,10,10,13,85,79,68,82,88
190584,Illarramendi,28,Spain,84,Real Sociedad,31,51,RDM,68,72,51,86,58,78,76,68,82,83,66,57,71,84,75,69,63,77,68,76,76,87,79,86,50,79,69,83,80,15,7,11,14,12
188377,K. Walker,28,England,84,Manchester City,24.5,165,RB,81,51,74,78,57,79,76,71,67,78,86,93,67,83,72,86,83,89,75,69,78,81,67,69,63,75,78,84,83,12,6,16,15,8
186942,I. Gündoğan,27,Germany,84,Manchester City,32,175,CM,74,73,50,88,75,85,81,74,83,86,67,68,78,85,78,77,61,69,72,73,70,77,79,86,76,87,73,68,64,11,14,5,5,13
185020,José Callejón,31,Spain,84,Napoli,27.5,105,RM,82,78,65,80,84,82,73,65,51,85,88,89,85,82,80,78,73,91,55,80,54,40,88,78,62,79,64,32,32,8,5,14,11,11
183898,A. Di María,30,Argentina,84,Paris Saint-Germain,29.5,125,RM,83,72,51,82,77,86,84,82,79,85,85,84,92,80,77,83,72,73,60,77,73,38,82,82,73,82,35,59,56,10,7,11,12,11
181783,M. Mandžukić,32,Croatia,84,Juventus,25,160,ST,72,84,90,75,86,76,64,49,67,77,67,73,67,86,53,80,85,83,85,60,88,66,90,74,76,80,59,64,64,10,8,5,8,15
180403,Willian,29,Brazil,84,Chelsea,30.5,175,RW,76,77,31,80,59,88,82,83,77,84,91,86,89,82,79,79,41,85,60,81,44,55,80,83,70,79,43,57,51,14,12,13,7,13
178750,Sergio Asenjo,29,Spain,84,Villarreal CF,24,42,GK,24,14,13,39,15,15,23,22,39,14,59,54,62,79,58,24,73,41,73,13,20,22,12,46,15,64,24,15,14,85,83,77,82,84
178562,E. Banega,30,Argentina,84,Sevilla FC,29,31,CDM,80,66,49,88,65,84,83,81,87,86,68,64,79,77,83,74,57,74,67,78,73,76,75,88,78,80,75,69,64,13,8,7,7,10
177413,A. Witsel,29,Belgium,84,Borussia Dortmund,24,77,LCM,69,71,80,89,77,78,69,68,79,84,67,74,78,84,60,78,76,86,82,74,82,80,75,79,81,89,80,79,85,5,7,7,10,7
177388,D. Payet,31,France,84,Olympique de Marseille,27.5,75,CAM,87,78,59,84,77,86,90,84,80,90,75,72,79,75,80,80,48,73,72,82,57,37,79,87,74,82,32,36,39,11,15,9,14,12
176769,Jonas,34,Brazil,84,SL Benfica,16.5,25,ST,70,88,84,76,85,84,85,77,75,88,65,64,77,85,69,84,69,66,63,85,61,34,87,83,84,87,31,36,25,12,11,7,8,5
172879,Sokratis,30,Greece,84,Arsenal,23,140,RCB,47,44,85,60,46,58,29,35,51,58,64,73,60,81,64,77,86,69,86,48,88,77,49,45,24,82,85,87,85,6,8,5,12,5
167628,S. Ruffier,31,France,84,AS Saint-Étienne,19,41,GK,11,11,12,33,13,12,17,12,34,15,45,50,51,78,55,21,72,37,76,11,31,25,12,49,25,66,13,12,11,82,84,77,85,82
167397,Falcao,32,Colombia,84,AS Monaco,25,115,RS,55,86,89,79,84,75,83,73,58,82,69,66,76,85,75,79,91,68,75,80,75,41,88,70,81,87,39,42,19,10,13,6,9,5
163587,K. Schmeichel,31,Denmark,84,Leicester City,19,78,GK,18,12,16,44,15,12,13,15,46,40,59,60,62,81,47,36,60,34,64,14,35,20,13,59,26,67,14,14,13,82,77,82,80,88
157481,Raúl Albiol,32,Spain,84,Napoli,18,88,RCB,38,27,77,74,31,59,53,45,72,71,54,53,53,82,56,65,77,55,82,53,81,86,30,57,37,75,89,87,85,8,6,5,9,8
143076,A. Gómez,30,Argentina,84,Atalanta,30,53,LS,82,76,38,82,72,89,79,79,74,87,94,86,92,83,94,76,70,75,48,79,56,40,81,85,72,84,50,30,34,8,11,12,9,6
137186,A. Barzagli,37,Italy,84,Juventus,4.2,95,CB,40,21,72,65,35,64,50,31,65,65,61,77,52,80,64,54,81,53,83,39,66,90,28,62,60,88,94,90,82,4,2,4,2,4
20775,Quaresma,34,Portugal,84,Beşiktaş JK,15.5,80,RM,92,67,41,79,80,89,94,73,75,88,84,82,91,78,84,79,63,65,55,80,74,24,78,84,74,80,29,17,13,12,14,10,5,15
9014,A. Robben,34,Netherlands,84,FC Bayern München,15.5,110,RM,80,85,51,82,86,89,90,81,71,88,83,76,87,85,90,86,60,64,67,86,47,37,84,80,78,85,30,26,26,10,8,11,5,15
231443,O. Dembélé,21,France,83,FC Barcelona,40,155,RW,78,78,43,78,76,90,78,64,70,83,93,92,90,82,85,83,59,73,46,70,54,36,79,84,75,75,42,30,33,6,6,14,10,13
230666,Gabriel Jesus,21,Brazil,83,Manchester City,41,130,ST,66,84,74,76,72,86,76,54,66,85,87,85,92,86,91,78,77,84,68,73,73,32,88,77,78,82,53,23,19,13,8,6,6,15
230481,Ronaldo Cabrais,26,Brazil,83,Grêmio,28,51,RW,83,74,64,83,76,85,86,78,82,83,88,87,85,84,76,82,64,86,70,78,62,40,82,83,77,81,24,35,33,12,12,13,15,13
230375,Josué Chiamulera,26,Brazil,83,Grêmio,22.5,43,LCB,40,38,83,74,44,56,45,49,61,70,83,78,77,85,68,53,69,76,73,41,88,84,38,42,56,71,85,87,82,16,15,13,15,10
230294,Louri Beretta,26,Brazil,83,Atlético Mineiro,28.5,60,ST,56,85,83,73,82,75,59,67,47,74,79,83,55,84,55,85,84,56,87,82,65,32,83,58,77,79,26,27,24,8,11,20,19,20
225850,P. Kimpembe,22,France,83,Paris Saint-Germain,30.5,82,LCB,62,31,79,79,33,58,50,32,75,78,75,78,74,79,65,55,77,80,84,39,85,83,39,60,50,80,80,83,83,7,8,14,15,9
220971,N. Keïta,23,Guinea,83,Liverpool,34,120,CM,62,74,42,88,71,88,64,70,78,88,78,60,89,82,90,76,53,82,58,73,78,75,74,81,58,79,68,62,61,7,14,15,14,9
219683,C. Tolisso,23,France,83,FC Bayern München,34,85,CM,67,75,82,84,62,77,66,73,86,81,75,66,75,83,74,82,90,87,77,81,81,76,79,80,70,74,75,78,71,7,10,14,9,14
213565,T. Lemar,22,France,83,Atlético Madrid,35.5,64,LM,83,75,54,84,78,85,85,81,75,86,86,84,87,80,86,79,71,79,63,76,63,66,77,85,68,80,55,59,63,11,15,13,7,14
213345,K. Coman,22,France,83,FC Bayern München,34,85,LM,81,76,52,77,77,88,84,70,63,83,95,93,87,81,84,77,75,76,61,73,36,23,79,75,70,75,29,17,15,5,3,5,3,5
213331,J. Tah,22,Germany,83,Bayer 04 Leverkusen,29.5,67,CB,35,20,80,74,24,55,30,27,69,64,64,77,48,82,44,44,72,63,93,25,76,80,27,61,38,75,80,88,84,11,8,7,9,14
212523,Anderson Talisca,24,Brazil,83,Guangzhou Evergrande Taobao FC,36.5,18,CAM,78,80,77,81,76,82,86,87,79,84,77,76,76,79,65,84,58,76,72,88,67,58,86,81,71,74,55,62,42,13,11,13,12,10
212188,T. Werner,22,Germany,83,RB Leipzig,34.5,70,RW,69,87,76,77,82,83,62,56,55,84,93,93,81,86,76,74,78,83,59,67,63,37,85,61,72,74,39,20,19,9,9,8,15,9
210008,A. Rabiot,23,France,83,Paris Saint-Germain,33,91,CM,70,69,77,85,72,79,73,59,83,83,73,74,79,83,72,80,73,82,80,79,76,80,76,80,69,82,70,81,75,9,12,9,7,15
209658,L. Goretzka,23,Germany,83,FC Bayern München,34,85,CM,75,72,75,84,68,81,76,75,79,83,84,79,76,83,70,77,67,86,70,78,80,83,77,82,60,80,70,79,78,13,8,15,11,9
208808,Q. Promes,26,Netherlands,83,Sevilla FC,30.5,28,RM,79,86,60,78,69,84,75,76,73,82,90,91,87,82,79,82,82,83,61,83,60,33,79,81,74,78,36,30,32,10,13,6,7,13
208670,H. Ziyech,25,Morocco,83,Ajax,32.5,28,RAM,84,68,53,86,77,83,90,78,89,83,76,74,85,82,78,80,38,86,59,75,71,62,75,88,73,83,52,66,36,11,7,11,8,14
208618,Lucas Vázquez,27,Spain,83,Real Madrid,27,205,RW,86,73,52,83,54,82,82,75,75,83,84,79,79,85,84,82,68,90,57,80,65,44,81,83,56,75,42,50,44,9,16,9,9,7
208418,Y. Carrasco,24,Belgium,83,Dalian YiFang FC,33,20,LM,78,79,53,77,68,88,81,78,71,87,89,87,88,83,71,84,68,74,59,75,61,18,81,71,74,75,58,39,26,9,11,9,10,10
208093,Gerard Moreno,26,Spain,83,Villarreal CF,32,53,LS,61,83,80,78,79,78,71,56,56,81,77,80,70,82,69,81,72,72,74,77,55,40,83,58,73,72,43,41,41,15,12,7,12,10
207863,Felipe,29,Brazil,83,FC Porto,20,22,RCB,45,39,81,74,44,57,32,30,67,62,60,67,52,77,57,46,90,78,86,41,92,81,34,50,47,75,85,85,79,9,11,14,9,7
207410,M. Kovačić,24,Croatia,83,Chelsea,35,165,LCM,73,62,42,87,76,88,78,68,82,89,84,74,81,70,85,79,63,82,65,75,77,78,69,88,59,72,69,75,63,9,5,6,7,7
206585,Kepa,23,Spain,83,Chelsea,28.5,84,GK,25,11,17,32,18,10,25,19,36,16,34,33,41,79,39,25,71,37,51,14,18,21,15,55,24,63,19,18,16,84,80,76,80,84
206545,Manu Trigueros,26,Spain,83,Villarreal CF,30,49,RCM,72,71,74,86,63,80,80,69,83,83,68,65,76,82,72,81,77,77,63,80,71,69,77,84,65,73,70,73,60,9,14,12,7,8
206113,S. Gnabry,22,Germany,83,FC Bayern München,34.5,85,ST,74,81,46,79,83,87,64,62,68,83,92,90,87,80,88,85,64,68,68,81,63,38,80,74,68,74,45,48,45,14,10,10,9,7
204935,J. Pickford,24,England,83,Everton,25,78,GK,17,19,15,55,20,14,18,16,55,40,53,44,55,83,55,31,72,45,70,13,30,24,18,68,41,69,16,20,12,83,78,88,81,86
204639,S. Savić,27,Montenegro,83,Atlético Madrid,26,67,CB,35,34,85,72,27,47,34,28,69,68,55,61,61,82,49,43,87,58,77,31,83,84,29,41,37,75,86,83,84,14,13,14,13,12
203574,J. Stones,24,England,83,Manchester City,28.5,125,RCB,62,29,83,81,27,69,47,29,74,80,67,71,61,82,59,46,75,79,77,38,79,81,48,67,44,80,85,85,82,7,15,11,10,8
202651,Suso,24,Spain,83,Milan,33,115,RW,84,70,50,86,72,88,87,80,75,89,83,77,86,78,84,78,50,77,56,87,23,20,76,84,72,76,50,23,18,15,15,9,8,9
202166,J. Draxler,24,Germany,83,Paris Saint-Germain,32.5,91,CM,83,78,65,84,84,88,78,76,79,89,78,77,80,83,75,86,75,69,66,82,48,66,79,84,63,83,39,64,44,11,13,5,13,8
201995,Felipe Anderson,25,Brazil,83,West Ham United,31.5,110,LM,79,71,44,80,68,90,71,69,74,88,93,89,89,74,88,83,38,72,53,84,67,69,73,79,53,82,47,60,54,12,10,9,5,7
200949,Lucas Moura,25,Brazil,83,Tottenham Hotspur,31,115,RM,75,78,50,77,70,88,69,74,74,81,94,90,94,76,90,79,77,75,59,76,72,50,80,74,74,80,31,43,51,9,10,14,7,14
200888,Danilo Pereira,26,Portugal,83,FC Porto,27,21,CDM,50,61,78,82,55,76,48,53,79,78,63,68,58,76,60,76,67,83,89,65,85,84,69,73,52,84,83,84,75,9,7,13,14,15
200724,Nacho Fernández,28,Spain,83,Real Madrid,24.5,180,CB,70,32,82,80,38,55,55,37,61,78,70,79,60,79,68,54,81,78,79,28,78,81,37,53,45,73,75,86,85,12,7,10,15,7
200316,T. Horn,25,Germany,83,1. FC Köln,24,25,GK,19,13,14,35,14,20,12,15,32,22,45,51,50,80,31,22,64,31,67,17,41,22,15,55,21,20,14,13,12,83,80,83,82,86
199914,Allan,27,Brazil,83,Napoli,26.5,87,RCM,70,72,59,85,56,82,65,49,77,80,81,74,82,86,80,70,70,95,77,66,87,86,79,79,53,79,85,85,83,13,13,5,5,8
199845,F. Acerbi,30,Italy,83,Lazio,19,64,CB,25,37,80,73,39,65,62,56,77,72,65,55,33,81,35,75,68,81,83,60,73,85,20,65,72,85,87,87,85,11,9,9,13,11
199564,Sergi Roberto,26,Spain,83,FC Barcelona,26.5,170,RB,85,63,72,86,50,78,74,60,78,83,78,79,69,80,74,65,47,85,69,66,68,81,69,83,57,76,75,83,83,14,16,11,15,10
198329,Rodrigo,27,Spain,83,Valencia CF,30.5,57,ST,72,78,80,78,77,82,83,67,58,82,88,91,84,80,77,83,78,78,72,76,60,31,83,74,77,77,44,41,40,7,13,10,11,5
197965,Pizzi,28,Portugal,83,SL Benfica,25.5,22,LCM,79,76,45,83,77,80,83,76,84,82,82,73,77,81,77,75,67,86,59,78,68,70,84,85,76,85,66,66,52,15,14,9,9,15
195365,K. Kampl,27,Slovenia,83,RB Leipzig,26.5,74,LCM,72,63,34,84,68,86,78,75,79,84,84,71,91,84,80,69,67,88,47,73,64,75,73,82,64,83,65,64,59,13,11,7,6,16
194404,Neto,28,Brazil,83,Valencia CF,21,41,GK,11,15,14,36,12,19,12,13,41,24,53,49,59,79,49,28,80,39,63,20,40,15,11,42,22,64,17,14,15,85,79,79,78,82
193698,O. Baumann,28,Germany,83,TSG 1899 Hoffenheim,21,42,GK,14,11,16,30,11,19,12,11,25,17,47,51,45,81,43,21,73,39,69,13,32,21,10,41,22,52,15,18,14,82,82,70,82,85
193474,I. Gueye,28,Senegal,83,Everton,21,125,RDM,60,50,69,80,32,75,33,61,72,79,76,72,80,81,80,80,87,89,70,66,84,87,67,67,54,80,84,89,84,8,6,8,12,13
